neighborhood,right of way permits
0,404
1,512
2,1277
3,701
4,28
5,686
6,101
7,2183
8,946
9,2897
10,1390
11,281
12,1077
13,2909
14,452
15,2923
16,12197
17,3150
18,2022
19,1990
20,110
21,388
22,610
23,621
24,924
25,1340
26,173
27,669
28,1976
29,432
30,122
31,80
32,263
33,519
34,1079
35,48
36,2349
37,102
38,1058
39,1584
40,779
41,801
42,283
43,1081
44,667
45,461
46,686
47,2032
48,559
49,1316
50,513
51,1455
52,3567
53,187
54,94
55,2062
56,1221
57,64
58,115
60,1023
61,1321
62,1448
63,522
64,525
65,294
66,67
67,5430
68,842
69,1145
70,250
71,4866
72,1969
73,315
74,752
75,2928
76,3743
77,85
78,619
79,1978
80,59
81,202
82,155
83,571
84,484
85,1577
86,259
87,1091
88,495
89,191